Age,Annual_Income,Loan_Amount,Debt,Credit_History,Payment_History,Employment_Years,Creditworthy
24,82455,20107,10875,Good,On-Time,3.4,1
51,49445,6786,6509,Poor,On-Time,7.6,0
47,62996,32624,32697,Good,On-Time,3.4,1
38,15000,26092,11192,Average,Frequent Late,3.3,0
38,29560,18954,25907,Good,On-Time,7.7,1
55,48537,1000,10239,Good,On-Time,5.4,1
24,31413,8166,14334,Average,On-Time,0.0,0
48,70717,24878,108,Good,On-Time,0.2,1
29,98941,30129,7976,Poor,Frequent Late,1.4,0
24,29114,29092,13895,Good,Frequent Late,2.5,0
42,36576,2080,26274,Poor,Frequent Late,7.7,0
60,60180,21016,13998,Good,On-Time,6.9,1
50,90445,28155,24453,Poor,On-Time,10.3,0
51,28108,1417,17767,Average,Occasional Late,9.0,0
49,60479,17921,26647,Good,On-Time,10.3,1
52,95069,20738,11469,Good,Occasional Late,8.4,0
41,18661,14992,33512,Good,On-Time,6.8,1
26,26816,1000,7631,Average,On-Time,10.4,1
54,45681,14743,5102,Average,Occasional Late,9.7,0
39,43547,14727,1110,Good,On-Time,7.5,1
41,72877,16519,32979,Good,Frequent Late,11.1,1
35,60317,12365,19375,Average,On-Time,0.0,0
28,15951,13570,8993,Average,On-Time,4.8,0
58,66339,17603,23241,Average,On-Time,4.8,1
52,42294,22425,18189,Good,On-Time,10.6,1
46,83038,14956,29695,Average,On-Time,12.3,1
37,41193,13904,0,Poor,On-Time,0.2,0
53,40994,18924,9612,Good,Occasional Late,11.6,0
42,66905,1000,7837,Good,Occasional Late,1.3,1
38,71784,22770,0,Good,On-Time,1.4,1
39,64858,17994,21543,Average,On-Time,5.1,1
30,17917,18397,9566,Good,On-Time,4.7,1
24,66837,27607,18657,Poor,Occasional Late,0.0,0
43,32245,1000,33238,Average,On-Time,8.6,1
56,60176,1000,8821,Average,On-Time,8.7,0
23,23678,20738,8210,Average,On-Time,10.2,0
55,64819,17929,13068,Good,On-Time,4.3,0
54,37255,19702,20885,Average,On-Time,5.8,0
32,26782,13379,6900,Good,On-Time,5.9,1
46,70704,24644,6321,Average,Frequent Late,12.8,0
27,60316,27326,21515,Poor,On-Time,0.0,0
51,41493,22840,15408,Average,On-Time,2.2,0
49,86926,15392,0,Poor,On-Time,6.0,0
35,45306,1000,971,Good,On-Time,1.7,1
23,55706,25692,25511,Average,On-Time,5.0,0
59,60916,30217,15617,Average,On-Time,5.5,1
38,41367,24446,5140,Average,On-Time,3.4,0
56,65365,9204,10466,Good,Occasional Late,6.3,1
48,43264,24738,12119,Good,On-Time,8.5,1
52,45944,26605,18622,Average,Frequent Late,5.1,0
51,84978,33588,0,Good,On-Time,4.2,1
28,32107,9239,4431,Average,On-Time,5.3,0
35,15000,15735,14457,Average,Frequent Late,6.0,0
39,90441,25473,11101,Poor,Occasional Late,0.0,0
40,111085,18574,17147,Good,On-Time,7.8,1
22,46084,6827,934,Poor,Occasional Late,4.2,0
42,15000,22146,15214,Good,On-Time,11.0,1
27,48169,23787,21824,Good,On-Time,8.4,1
50,48703,18880,16381,Average,Occasional Late,10.7,1
48,50822,20196,13252,Good,Occasional Late,2.0,0
57,30505,15413,11137,Good,On-Time,4.5,1
50,67750,32783,4486,Good,Occasional Late,1.0,0
35,66539,8993,11352,Good,On-Time,3.2,1
59,22123,12127,23337,Average,On-Time,11.0,1
37,70382,18110,10929,Good,Frequent Late,11.9,0
34,100159,26790,3992,Good,On-Time,1.4,1
57,58783,3026,7570,Average,On-Time,4.2,1
35,47579,4897,13808,Good,On-Time,5.7,1
24,51876,1000,8638,Average,On-Time,8.3,1
39,68536,18327,16368,Poor,On-Time,0.0,0
52,16925,6817,16706,Average,Frequent Late,0.0,0
28,58617,14154,20001,Poor,Occasional Late,8.0,0
39,46410,24614,24812,Good,Occasional Late,0.0,0
26,95652,11585,20963,Average,On-Time,4.2,1
48,51168,20313,3592,Good,On-Time,6.6,1
40,91694,15007,3868,Good,On-Time,7.7,1
34,30718,24721,11318,Average,On-Time,5.4,0
30,67920,22751,7939,Good,On-Time,4.5,1
43,62027,11081,1755,Poor,Occasional Late,9.4,0
47,35881,16313,8025,Average,Occasional Late,7.1,0
58,58903,28437,7729,Poor,On-Time,3.4,0
38,81675,21934,5953,Good,On-Time,6.2,1
27,47877,4030,9158,Good,Occasional Late,7.5,0
54,17777,24556,22606,Average,On-Time,12.9,0
46,54614,7154,13793,Good,Frequent Late,9.1,0
49,35147,32125,34246,Average,On-Time,10.9,0
24,47468,28241,13535,Average,On-Time,3.6,1
33,53205,20899,9389,Poor,On-Time,3.9,0
51,17476,19572,12037,Average,Frequent Late,5.1,0
54,19456,15910,14308,Good,On-Time,5.4,1
38,65605,24785,15917,Good,Occasional Late,2.0,1
53,43500,14292,30690,Average,On-Time,11.1,0
54,15000,20356,4392,Good,On-Time,9.5,1
36,72267,26719,19731,Good,Occasional Late,4.8,1
56,60992,12382,13870,Good,On-Time,8.6,1
32,39295,11838,0,Good,On-Time,6.9,1
30,26030,6056,18936,Good,On-Time,8.9,0
48,73388,7355,23409,Good,Occasional Late,0.6,1
46,62686,1000,4285,Average,On-Time,5.4,0
26,107417,25298,11920,Good,On-Time,5.8,1
54,64244,36089,0,Average,Frequent Late,8.5,0
28,63529,32253,671,Good,Occasional Late,3.5,0
53,51328,1739,21432,Poor,Occasional Late,0.0,0
21,72969,25249,7802,Good,Occasional Late,1.7,0
52,68752,32221,2021,Average,Occasional Late,5.8,0
52,82538,13432,14065,Good,On-Time,6.3,1
52,43531,19014,7298,Good,On-Time,12.7,1
47,45421,1000,7763,Good,Occasional Late,8.3,0
39,44460,20667,18654,Average,Occasional Late,6.3,0
49,72398,7364,1544,Poor,Frequent Late,5.9,0
32,87964,19996,3852,Good,On-Time,10.4,1
52,44906,2388,13387,Good,On-Time,3.6,1
43,45655,23429,20725,Average,On-Time,5.4,0
39,61910,28245,23143,Average,Occasional Late,1.6,0
41,49593,10168,6014,Good,On-Time,11.7,1
43,75945,6631,20436,Average,Occasional Late,7.6,1
22,15000,1000,4943,Good,On-Time,3.2,0
26,36812,15336,28436,Average,On-Time,5.5,0
30,37787,12184,1796,Good,On-Time,8.0,1
25,15000,2490,23956,Good,Occasional Late,5.0,0
38,33800,22530,6092,Good,Frequent Late,3.9,0
47,34867,13500,30119,Average,On-Time,3.4,0
47,50576,7243,17322,Good,On-Time,7.4,1
39,79485,12454,2856,Average,On-Time,4.6,1
55,49609,28713,7300,Average,On-Time,4.2,1
43,32322,24029,19031,Average,On-Time,0.7,0
24,53747,16700,21474,Good,Frequent Late,6.3,0
51,78082,24191,11364,Good,Frequent Late,5.3,0
43,33529,6391,12402,Good,On-Time,4.7,0
46,34967,18324,18825,Average,On-Time,6.8,1
43,67288,19473,13186,Poor,On-Time,9.0,0
43,50126,13302,358,Good,On-Time,8.8,1
24,69245,22355,4683,Poor,On-Time,8.2,0
43,54700,10196,14116,Good,Occasional Late,5.0,0
52,70437,23098,22939,Good,On-Time,3.7,1
33,32228,23519,26544,Good,Occasional Late,1.8,0
45,54734,1000,19016,Average,On-Time,3.6,1
22,50365,29903,14586,Good,Occasional Late,6.1,1
34,28250,1000,18739,Good,Occasional Late,2.9,0
38,20603,11840,5999,Average,On-Time,6.4,1
60,70086,28253,10621,Average,On-Time,2.1,0
29,47279,14827,4583,Good,Occasional Late,0.0,0
32,32510,3338,761,Good,Occasional Late,9.3,1
37,52884,7063,15002,Good,On-Time,4.1,1
60,79816,28269,13670,Good,On-Time,2.7,1
55,15000,1000,18189,Good,On-Time,1.6,0
22,22074,29290,16915,Average,Occasional Late,7.7,0
30,34696,17449,14184,Good,Occasional Late,11.5,0
53,87146,6076,17010,Average,On-Time,4.4,1
23,61217,12169,11616,Good,Occasional Late,5.1,0
55,71881,7828,15716,Good,Occasional Late,10.3,1
32,29916,26662,5465,Good,Occasional Late,0.0,0
57,30370,25324,15327,Good,On-Time,13.9,1
32,64852,1000,18016,Good,On-Time,15.8,1
38,56282,13964,5973,Good,On-Time,0.0,0
47,67072,9368,12466,Poor,On-Time,5.6,0
26,50871,30935,6388,Average,On-Time,3.1,0
43,61119,4499,7261,Good,On-Time,4.9,1
41,58479,34042,1876,Average,On-Time,4.3,0
52,72111,17667,23392,Average,Occasional Late,9.2,0
60,72754,6381,21591,Average,On-Time,5.5,1
47,19363,11227,16837,Good,Occasional Late,2.4,0
37,15000,9984,29750,Good,On-Time,5.3,1
37,77038,5254,10297,Good,On-Time,8.1,1
37,81130,18948,39286,Good,On-Time,1.3,1
53,32546,5721,9952,Good,Occasional Late,0.0,0
33,15000,1000,14297,Poor,Occasional Late,14.0,0
27,57179,14203,8420,Poor,On-Time,3.4,0
34,75478,1000,15351,Good,Occasional Late,5.5,1
21,94547,10478,19521,Good,On-Time,4.4,1
25,66359,8909,10975,Good,On-Time,8.2,1
24,46822,9288,27990,Good,On-Time,13.1,1
51,35351,38010,14152,Average,On-Time,8.3,0
49,55252,18564,14434,Good,On-Time,0.0,1
48,48416,20454,3819,Average,Frequent Late,0.5,0
39,32669,1000,15766,Poor,On-Time,4.4,0
49,100073,11460,10794,Average,On-Time,4.9,1
27,94274,20153,6526,Average,On-Time,0.0,0
57,79993,7755,5012,Average,On-Time,9.3,1
41,34741,27081,36046,Good,On-Time,1.7,0
58,73810,5973,9629,Good,Frequent Late,12.0,0
27,69072,15136,0,Average,Occasional Late,13.3,1
40,64736,12139,5716,Good,On-Time,5.0,1
48,82493,19643,11536,Average,Occasional Late,7.8,0
40,68978,11595,16920,Good,On-Time,1.1,1
38,71280,15291,16993,Good,On-Time,8.5,1
27,69012,15639,18090,Good,On-Time,4.0,1
36,62497,10656,6196,Poor,On-Time,1.7,0
30,15761,22851,15064,Good,On-Time,4.8,0
33,56840,20384,4115,Good,Occasional Late,4.1,1
48,42764,17114,6423,Good,On-Time,4.7,1
46,26843,13695,3741,Average,Frequent Late,9.8,1
45,92000,25965,1305,Poor,Occasional Late,2.9,0
35,93038,15642,21578,Good,Occasional Late,12.9,1
59,84903,14933,18198,Poor,Occasional Late,0.7,0
24,60615,19047,20790,Good,Occasional Late,12.5,0
34,84714,34966,12354,Average,On-Time,1.9,0
25,55265,4596,18991,Good,On-Time,6.0,1
34,59462,25699,0,Good,On-Time,4.0,1
59,30944,1000,19768,Average,Frequent Late,4.6,0
35,63734,20173,13594,Average,On-Time,9.2,0
57,56328,33751,17644,Good,On-Time,12.0,0
40,26342,22887,15420,Average,Occasional Late,10.8,0
48,53874,19706,3117,Poor,On-Time,4.4,0
39,53246,12396,0,Good,Occasional Late,6.7,1
31,94546,18310,5592,Average,On-Time,2.9,0
51,74673,15479,17084,Average,On-Time,2.0,0
59,55252,10140,18211,Good,On-Time,1.4,1
31,60473,15101,0,Poor,On-Time,4.2,0
52,55973,19984,3170,Good,On-Time,7.0,1
31,50536,10328,5491,Average,On-Time,0.0,0
49,31187,9937,8784,Good,On-Time,5.8,1
52,51677,4398,0,Good,Occasional Late,12.1,1
38,38586,21907,0,Average,Frequent Late,10.5,0
50,27493,23453,4603,Average,On-Time,3.7,0
31,66247,20317,12776,Poor,On-Time,0.4,0
24,63608,27652,1375,Poor,On-Time,7.8,0
24,15692,18879,10958,Good,Occasional Late,0.0,0
38,52301,21920,21527,Good,Occasional Late,10.4,1
57,76905,21038,284,Good,On-Time,5.1,1
26,78303,17085,10142,Good,On-Time,13.3,1
39,77568,12692,21223,Good,Frequent Late,0.0,1
49,55856,40142,8236,Poor,Occasional Late,9.7,0
29,36409,13480,6837,Average,On-Time,5.6,0
49,31159,11341,22471,Good,Occasional Late,4.7,1
33,62581,22340,9244,Good,On-Time,0.5,0
53,63344,20519,21940,Average,On-Time,8.4,1
44,83321,3952,15861,Good,Occasional Late,8.7,1
42,79200,29227,8914,Good,On-Time,13.1,1
28,52091,17058,16317,Good,On-Time,10.0,1
39,27627,6891,14884,Good,Frequent Late,3.6,0
55,47980,29888,21188,Good,Occasional Late,2.0,1
21,59779,24257,7065,Average,On-Time,0.5,0
51,50554,5355,12371,Good,Occasional Late,11.9,1
40,42286,35772,11446,Average,Occasional Late,2.9,0
49,60563,24588,18337,Good,On-Time,11.9,1
47,43913,17898,2773,Poor,Frequent Late,8.1,0
38,41183,33902,21153,Good,Occasional Late,7.3,0
33,61852,19593,16197,Good,On-Time,4.8,1
46,46156,17719,148,Good,On-Time,8.6,1
26,60370,11397,22874,Good,Occasional Late,5.9,0
44,61010,23819,32107,Good,Frequent Late,4.5,0
24,29933,22766,21017,Average,On-Time,8.8,0
46,44413,18147,24843,Good,On-Time,5.4,1
46,86631,10100,12768,Good,Occasional Late,2.8,1
24,29434,19299,0,Good,On-Time,8.4,1
51,15000,17302,0,Average,On-Time,5.7,0
37,15000,4665,14296,Poor,Frequent Late,8.0,0
52,55640,3282,6672,Average,Occasional Late,4.2,0
22,55680,23652,3769,Average,Frequent Late,1.2,0
28,52413,1000,11435,Average,Occasional Late,12.9,1
40,81712,20054,17540,Average,On-Time,12.2,1
28,15000,13219,0,Good,Frequent Late,9.5,0
34,63711,31082,7960,Average,On-Time,4.4,0
47,89352,13065,25589,Average,On-Time,4.8,1
26,30189,24595,2322,Good,Frequent Late,11.5,0
48,46644,14031,19828,Average,Occasional Late,4.6,1
25,38436,19137,7637,Good,Frequent Late,3.5,0
28,35324,25368,16912,Good,On-Time,13.5,1
44,47822,13374,21876,Good,Frequent Late,5.8,0
52,86405,27966,18672,Average,Occasional Late,13.1,0
27,95423,8063,20182,Poor,Occasional Late,0.4,0
32,47609,20946,1636,Good,Frequent Late,8.1,0
58,96911,27226,22023,Good,On-Time,14.3,1
60,55783,24600,4326,Good,Occasional Late,6.1,1
44,93581,37164,14336,Good,Occasional Late,4.9,1
38,52947,10366,14324,Poor,Occasional Late,1.3,0
34,57883,4209,16366,Good,Frequent Late,10.3,0
45,63040,8057,15033,Good,Occasional Late,2.9,1
44,124935,24604,4406,Good,On-Time,5.6,1
32,73728,22979,0,Poor,On-Time,1.1,0
21,39440,19023,19851,Good,Frequent Late,12.2,0
27,76318,6770,13673,Average,Frequent Late,10.6,0
59,47040,25669,22344,Good,Frequent Late,5.9,0
37,44225,5753,11597,Good,On-Time,1.4,1
40,74989,29589,0,Average,On-Time,12.1,1
39,55684,46574,20695,Good,Occasional Late,4.5,0
52,61129,21665,8667,Average,Occasional Late,1.6,0
23,55308,23831,15078,Good,On-Time,0.0,0
24,62405,13071,6173,Average,Occasional Late,3.4,0
32,64349,1000,26799,Average,On-Time,0.2,0
40,15000,11973,4111,Average,On-Time,3.5,0
47,69665,7071,8963,Good,On-Time,9.0,1
40,33396,3530,12967,Average,On-Time,4.5,0
38,23269,35224,2170,Poor,On-Time,7.4,1
58,53715,20729,14975,Good,Frequent Late,3.1,0
27,56848,21797,26507,Good,Occasional Late,6.3,0
43,39743,14910,7586,Average,Frequent Late,13.7,0
42,73283,16271,15556,Good,On-Time,4.6,1
39,25472,27646,0,Average,On-Time,7.5,0
53,46047,17677,11650,Average,On-Time,0.0,1
31,42133,23307,9183,Good,Occasional Late,12.1,1
59,53975,16040,4634,Average,On-Time,4.1,1
34,61135,14578,21733,Average,Occasional Late,10.2,1
42,32826,3931,9064,Good,Occasional Late,5.5,1
41,70934,1000,10403,Poor,Occasional Late,8.4,0
54,56386,15384,8605,Good,On-Time,8.7,1
38,15000,18565,0,Good,On-Time,4.2,0
32,15000,5139,1812,Average,On-Time,10.4,1
21,54729,17655,20650,Good,On-Time,3.0,0
35,50139,18538,0,Average,Occasional Late,9.1,0
54,52725,1000,5103,Good,On-Time,4.4,1
21,54384,8849,8403,Good,Occasional Late,7.4,1
56,59962,22073,27693,Good,On-Time,4.2,0
42,75848,21871,18917,Average,Frequent Late,6.2,0
26,30556,6463,6985,Average,Frequent Late,1.7,0
33,29217,19584,23741,Average,On-Time,7.0,0
43,30947,28224,5335,Poor,Occasional Late,6.2,0
33,61356,25771,21082,Average,On-Time,3.8,1
25,82389,17047,0,Average,Occasional Late,5.8,1
47,45511,13320,21659,Good,Occasional Late,6.5,1
47,15000,11707,8345,Poor,Occasional Late,3.5,0
25,17512,22678,2743,Average,Occasional Late,5.5,0
32,36673,19951,10046,Poor,On-Time,2.0,0
30,42730,24294,14496,Good,Occasional Late,15.4,1
47,46015,19319,7547,Good,Occasional Late,10.2,1
50,55849,26188,16986,Average,On-Time,7.1,0
50,48142,18946,6753,Good,On-Time,10.7,1
58,78085,25847,17583,Good,Occasional Late,0.0,1
51,40128,26708,15980,Poor,Occasional Late,0.0,0
33,36029,9955,11452,Good,On-Time,4.4,1
25,65535,1000,8028,Good,Frequent Late,0.5,0
45,21216,33435,13364,Good,Occasional Late,5.1,0
57,63573,20567,16952,Good,On-Time,6.8,1
60,57256,1000,30556,Average,On-Time,9.7,1
30,51756,10862,20455,Poor,Occasional Late,1.4,0
30,89942,25719,20784,Poor,Occasional Late,7.6,0
22,41311,15203,39797,Average,On-Time,6.1,0
26,100327,12879,16644,Average,On-Time,7.4,1
43,50041,32009,16362,Good,Occasional Late,3.9,0
42,26906,7527,18336,Poor,Occasional Late,11.5,0
35,56538,10018,2919,Good,Occasional Late,5.6,1
33,31323,20114,8005,Good,On-Time,13.1,1
54,38461,21905,7444,Poor,Occasional Late,2.8,0
39,63735,22963,17829,Poor,On-Time,9.0,0
53,67223,27112,10432,Good,On-Time,5.8,0
59,41312,19986,13244,Average,Occasional Late,4.7,0
33,76723,22894,21787,Good,Occasional Late,8.5,1
29,80465,15408,19768,Good,On-Time,4.8,0
59,86599,18627,10545,Good,Occasional Late,0.0,0
46,66647,19075,5970,Good,On-Time,0.0,1
32,84995,20151,22217,Average,On-Time,11.1,1
45,15000,25725,18965,Good,On-Time,10.9,1
41,48006,23551,0,Good,On-Time,13.5,1
57,35926,18442,9182,Good,Occasional Late,5.9,1
31,57623,9909,13490,Poor,Occasional Late,0.8,0
60,42428,18677,19009,Average,Occasional Late,4.3,0
58,51345,17720,20191,Poor,On-Time,6.0,0
28,96408,19932,14555,Good,On-Time,2.0,1
27,51266,40065,17267,Average,On-Time,12.6,1
42,64103,12762,12577,Average,Occasional Late,15.0,1
22,49890,22223,5935,Good,On-Time,7.9,1
32,56666,28685,9649,Good,On-Time,6.0,1
38,55132,18980,12171,Good,Occasional Late,0.8,0
59,64863,41378,11688,Good,Occasional Late,12.2,1
60,80637,14220,0,Good,On-Time,6.3,1
27,91243,21241,8423,Good,On-Time,4.8,1
56,61812,10012,12506,Good,Occasional Late,7.9,1
24,67970,14485,9468,Average,On-Time,3.7,1
50,29681,20489,9779,Good,On-Time,6.6,1
54,53067,26463,16392,Good,Occasional Late,0.2,0
56,75686,21191,2289,Average,On-Time,10.3,1
29,74051,30591,0,Good,On-Time,5.6,1
56,59655,17050,8866,Good,On-Time,10.6,1
25,74501,14678,18877,Good,On-Time,5.2,0
41,65797,45040,27188,Good,On-Time,5.5,1
39,81407,21942,19039,Good,On-Time,1.2,1
33,61366,10805,0,Good,On-Time,9.0,1
21,47175,11057,9909,Good,On-Time,2.5,1
51,62389,8573,14310,Poor,Frequent Late,4.1,0
34,15000,27366,13598,Poor,Frequent Late,6.0,0
47,63423,14356,16854,Good,On-Time,6.5,1
37,15000,19274,3747,Good,On-Time,0.0,0
35,17084,17365,12584,Good,Occasional Late,5.1,0
56,64939,25315,15783,Average,Frequent Late,9.2,0
24,65506,9533,19431,Average,Occasional Late,4.5,0
50,29427,7244,4749,Good,On-Time,5.1,1
50,39334,20243,8894,Good,On-Time,6.6,1
36,85152,24010,0,Good,On-Time,5.5,1
31,44351,21325,6407,Poor,Occasional Late,1.9,0
21,104344,9905,7280,Poor,On-Time,5.9,0
58,54958,24775,2824,Good,On-Time,10.0,1
58,63977,10561,13491,Average,On-Time,1.8,1
30,90571,12785,11496,Good,On-Time,4.5,1
22,57883,8560,0,Average,Occasional Late,0.5,0
25,32948,31012,13940,Poor,On-Time,9.8,0
23,52586,24334,3645,Good,Occasional Late,5.6,0
54,54217,24050,16371,Good,Occasional Late,2.6,0
56,24976,30472,463,Average,Occasional Late,6.4,0
27,49372,46126,12270,Good,On-Time,1.2,0
50,38672,1000,9452,Average,Occasional Late,1.9,0
28,75336,10616,14728,Good,Occasional Late,0.2,1
35,55761,11838,13122,Poor,On-Time,1.7,0
44,48778,9492,9704,Good,On-Time,11.4,1
49,52664,7224,0,Good,Occasional Late,3.1,0
55,59909,15003,0,Good,On-Time,7.9,1
22,68570,5834,6745,Good,On-Time,2.7,1
28,33006,21350,11925,Good,On-Time,9.0,0
32,32085,18517,6526,Average,On-Time,1.9,0
33,79303,22810,17627,Good,On-Time,6.2,1
60,45929,23077,9487,Good,Occasional Late,6.2,0
52,23829,24030,3315,Good,On-Time,15.3,1
33,64764,14266,9497,Good,Occasional Late,8.5,1
59,65194,39211,14033,Poor,On-Time,3.6,0
40,21324,20344,14924,Poor,On-Time,8.7,0
41,60049,1000,28905,Good,On-Time,14.6,1
38,71183,7976,5980,Average,Occasional Late,0.0,0
26,63237,1000,11339,Average,Frequent Late,2.6,0
58,68904,18173,15835,Poor,On-Time,5.1,0
21,24106,16782,11789,Good,On-Time,4.3,0
27,62283,13316,7494,Good,On-Time,4.7,0
30,48342,38109,0,Good,On-Time,0.8,1
32,44379,23490,7402,Poor,Occasional Late,11.6,0
26,74152,25261,2337,Average,On-Time,0.3,1
21,87544,8689,0,Good,Frequent Late,5.2,0
48,94476,8009,4839,Good,On-Time,10.2,1
59,83926,18368,2576,Average,On-Time,5.9,1
25,52586,19730,17254,Poor,Occasional Late,2.1,0
32,62760,1000,17410,Good,On-Time,0.6,1
41,71870,16197,3865,Average,Occasional Late,5.1,1
58,57666,18141,9658,Good,On-Time,3.0,1
48,57877,15849,0,Good,Occasional Late,6.8,1
51,73123,9866,7551,Average,On-Time,0.4,0
44,53696,12605,15591,Average,On-Time,9.3,1
37,38956,16231,19424,Poor,Occasional Late,6.5,0
28,45882,18908,5583,Good,On-Time,6.8,1
55,68946,24048,21467,Good,On-Time,11.8,1
53,55066,28809,0,Good,Occasional Late,4.2,1
22,62485,15057,771,Good,On-Time,3.1,0
49,69742,13438,18387,Good,Frequent Late,3.8,0
24,46753,22377,27040,Good,Occasional Late,5.2,0
50,71637,24108,16441,Good,Occasional Late,5.6,1
54,63335,13658,11637,Good,On-Time,2.7,1
26,27834,25904,0,Good,On-Time,0.0,1
38,86731,27796,0,Average,Frequent Late,3.8,0
25,43984,30917,13165,Good,On-Time,7.4,1
43,18588,35783,8777,Average,On-Time,6.5,0
58,32009,9336,2047,Poor,On-Time,10.8,0
24,32537,18139,12590,Average,On-Time,13.8,1
36,56148,18113,13036,Good,On-Time,9.0,1
59,48975,17019,20500,Good,Occasional Late,11.5,1
33,47590,11507,13229,Average,Occasional Late,9.1,0
26,68633,3144,23056,Good,Occasional Late,12.8,1
40,62477,18927,12072,Good,On-Time,13.4,1
41,61953,10316,10962,Good,On-Time,9.8,1
47,64016,18860,21579,Average,On-Time,8.8,1
33,68555,10060,3194,Good,Occasional Late,5.2,1
59,15000,7003,37330,Average,On-Time,5.8,0
41,46982,20343,15377,Good,On-Time,4.6,1
32,15000,19509,15427,Good,On-Time,8.5,0
59,55793,23793,16726,Average,Occasional Late,3.1,0
57,54898,39859,28894,Good,Occasional Late,5.2,0
40,78002,20773,19133,Average,Occasional Late,0.0,0
21,81128,22851,0,Good,On-Time,12.9,1
44,59461,7224,24631,Good,Frequent Late,5.1,0
43,43992,5131,8932,Poor,On-Time,7.8,0
26,65674,33828,12964,Good,On-Time,11.8,1
46,43386,8765,487,Good,On-Time,7.2,1
54,54969,7561,16736,Poor,On-Time,11.8,0
25,76695,17609,6138,Average,On-Time,1.0,0
49,42729,17098,12902,Average,On-Time,15.6,1
26,72725,8975,9443,Good,On-Time,10.3,1
50,69903,14950,29325,Good,Occasional Late,6.8,0
37,33995,30294,29840,Average,Occasional Late,11.7,0
21,76426,9940,12419,Good,Occasional Late,1.3,0
59,70368,4063,12576,Good,On-Time,4.8,1
27,57242,27426,8639,Average,On-Time,11.8,1
44,38229,22923,21954,Good,Occasional Late,0.0,0
28,36097,11795,9040,Good,On-Time,8.2,1
58,43171,2178,8208,Good,On-Time,8.1,1
50,66937,10554,20807,Good,On-Time,13.9,1
53,33976,17453,7155,Average,Occasional Late,0.0,0
38,64625,29657,11660,Poor,On-Time,12.4,0
39,27681,7634,0,Good,Occasional Late,3.8,0
46,50510,17155,18338,Good,On-Time,4.2,1
52,57412,24751,29468,Average,On-Time,1.1,0
54,108793,1000,18491,Good,On-Time,1.6,1
21,24699,28338,25156,Good,On-Time,7.6,0
47,87384,6175,4385,Poor,On-Time,1.6,1
25,58297,21320,14127,Average,Occasional Late,9.0,0
32,64046,20467,3512,Good,On-Time,3.3,1
54,57604,28846,9950,Poor,On-Time,1.1,0
31,64784,23509,18950,Good,Occasional Late,3.9,1
52,51619,1000,12916,Poor,On-Time,7.3,1
39,86989,10152,0,Good,On-Time,4.9,1
30,44958,19382,165,Good,On-Time,6.1,1
34,79909,16050,0,Poor,On-Time,8.8,1
42,40824,22776,16423,Good,On-Time,10.3,1
51,53674,25894,30575,Good,Occasional Late,4.8,0
45,31417,24085,24262,Good,On-Time,1.8,0
58,65011,15857,0,Average,Occasional Late,6.3,0
55,86793,1000,24790,Average,On-Time,7.9,1
51,53298,13445,20428,Good,Occasional Late,0.2,0
45,50669,22164,0,Average,Occasional Late,2.4,0
32,30478,7096,9271,Average,On-Time,3.1,0
37,49956,24313,21860,Good,On-Time,5.2,0
25,19959,27084,16954,Good,On-Time,3.0,1
35,34917,19269,218,Good,Frequent Late,8.8,0
58,59989,1000,17497,Good,Frequent Late,0.0,0
38,84018,5219,0,Good,On-Time,0.0,1
25,116803,36862,9995,Good,Occasional Late,4.7,0
47,42095,12535,22242,Good,On-Time,5.3,1
59,86577,1000,12166,Good,On-Time,0.2,1
55,60363,30352,7510,Average,Occasional Late,3.6,0
31,51673,18134,20004,Good,On-Time,4.4,1
39,64517,29049,20773,Poor,On-Time,4.4,0
42,56362,20770,23790,Poor,Occasional Late,6.6,0
30,57429,22586,19869,Average,On-Time,3.4,0
31,46017,21630,21732,Poor,Occasional Late,11.9,0
30,24242,24975,18596,Poor,On-Time,8.0,0
60,21040,40774,14390,Good,On-Time,2.8,1
50,69371,27710,12806,Average,On-Time,6.4,1
54,48913,2197,9865,Good,Frequent Late,6.5,0
53,41886,22467,1089,Average,On-Time,10.9,1
59,55187,29415,3402,Good,On-Time,3.6,1
25,72489,30027,9462,Good,Occasional Late,9.1,1
56,58968,13734,14173,Good,Frequent Late,6.2,1
23,40567,29649,24967,Poor,Frequent Late,12.0,0
40,81978,27277,11624,Good,On-Time,11.2,1
44,89742,43725,21031,Good,On-Time,6.8,1
35,65880,10500,21714,Good,On-Time,5.0,1
26,76421,12926,9917,Good,Occasional Late,8.0,1
28,82323,14939,17352,Average,Occasional Late,5.3,0
53,79862,13098,9808,Average,Occasional Late,12.7,1
33,68510,9100,23899,Good,On-Time,6.3,1
33,68164,1000,17723,Good,On-Time,4.4,1
57,66433,13653,1286,Good,On-Time,4.2,1
26,30859,21694,13454,Good,On-Time,1.1,0
57,70416,13068,26833,Average,On-Time,8.2,1
57,25172,37354,10369,Average,On-Time,2.7,0
44,37519,18134,16029,Good,Occasional Late,10.4,1
27,83678,30910,16913,Average,Occasional Late,0.8,0
27,73485,20614,2670,Good,Occasional Late,6.5,0
32,87723,26264,16596,Average,Occasional Late,10.6,0
44,49023,20792,0,Good,Occasional Late,0.0,0
27,29651,31688,6369,Average,Occasional Late,14.1,1
39,49710,18559,21682,Good,On-Time,4.3,1
25,57245,22961,15211,Poor,Occasional Late,6.6,0
42,56738,21663,9260,Good,On-Time,8.3,1
21,79941,15117,16018,Good,On-Time,8.9,1
49,47052,22050,11459,Good,On-Time,7.1,1
23,62745,40344,12113,Good,Occasional Late,10.0,0
28,33250,15296,17911,Average,Occasional Late,8.1,0
27,64907,22195,5454,Average,Frequent Late,13.0,0
54,55068,30578,12363,Average,Frequent Late,8.1,0
23,38504,29403,9190,Good,Frequent Late,13.9,1
38,49812,18117,0,Average,On-Time,9.6,1
44,50948,1000,3716,Average,Occasional Late,0.0,0
41,49057,23167,26114,Good,Occasional Late,16.4,1
48,93970,1000,15463,Good,Occasional Late,3.7,1
53,52834,32699,88,Good,On-Time,12.0,1
36,49634,19695,0,Good,On-Time,6.1,1
54,15000,27997,10991,Average,Frequent Late,10.2,0
33,35327,8979,26051,Poor,On-Time,3.2,0
60,49212,2475,10319,Average,On-Time,8.5,1
41,39911,20608,23763,Good,On-Time,5.0,1
50,85398,17664,15167,Average,On-Time,12.3,1
56,51371,13085,16241,Average,On-Time,7.8,1
52,83346,18847,0,Good,Frequent Late,9.7,1
55,56358,45674,20438,Average,Occasional Late,0.0,0
42,55819,26345,8986,Good,Frequent Late,5.7,0
22,53046,28495,19768,Good,On-Time,7.6,1
40,55084,26439,4672,Good,On-Time,6.9,1
28,92813,32795,13593,Good,On-Time,9.8,1
56,15000,16099,15168,Poor,On-Time,4.5,1
30,15000,1000,10614,Good,On-Time,6.2,1
30,43050,16114,15641,Good,Occasional Late,10.7,1
30,55320,26117,9602,Good,Frequent Late,0.0,0
46,70182,8302,6158,Good,On-Time,8.4,1
43,65408,16236,26449,Good,On-Time,4.7,1
58,46547,11082,21441,Good,On-Time,2.4,1
37,77419,33020,5152,Average,On-Time,7.3,1
32,77664,25495,17116,Good,On-Time,10.9,1
22,59049,24515,5316,Average,On-Time,10.2,1
21,76178,24216,1338,Good,On-Time,5.5,1
35,60998,17628,21304,Average,On-Time,9.5,1
58,42647,19976,0,Average,Occasional Late,9.5,1
41,70352,6148,20342,Good,On-Time,5.7,1
56,57433,1000,9725,Good,On-Time,3.2,1
25,55029,19501,10096,Poor,On-Time,3.5,0
24,87405,21240,15688,Good,On-Time,9.4,1
54,15000,30093,17231,Average,On-Time,5.8,0
25,23811,33713,4563,Good,Occasional Late,1.8,0
23,28884,33700,18460,Good,Frequent Late,0.0,0
37,47008,8020,13020,Good,Occasional Late,9.3,1
57,49399,14477,696,Poor,On-Time,3.8,0
48,21839,22803,10471,Good,On-Time,7.3,1
24,33327,43319,24432,Average,On-Time,11.0,0
54,36061,32801,27089,Average,On-Time,0.8,0
54,109063,29194,18456,Good,Occasional Late,5.8,1
53,94638,14122,1287,Good,On-Time,5.3,1
57,45942,9168,16415,Good,On-Time,7.5,1
30,47001,25889,19658,Good,On-Time,11.0,1
60,29718,6993,18531,Average,On-Time,0.7,0
33,15000,15616,19065,Good,Frequent Late,8.3,0
53,52429,16852,15269,Good,On-Time,10.1,1
44,33047,33929,11348,Average,On-Time,5.3,0
52,53133,14453,6525,Average,On-Time,5.5,1
46,19795,1000,0,Good,Occasional Late,7.7,0
46,38237,23044,15057,Average,On-Time,7.4,1
45,58270,11010,13674,Good,Occasional Late,8.3,1
52,63057,18426,17018,Average,On-Time,8.2,1
50,64184,17133,0,Good,On-Time,2.1,1
26,25949,15263,17805,Good,Occasional Late,10.0,0
54,73803,25903,30491,Good,On-Time,10.7,1
42,37395,2671,12706,Average,On-Time,6.7,0
33,68923,12830,11445,Average,On-Time,0.0,0
41,54766,24840,14781,Good,On-Time,5.5,1
59,24719,11859,30291,Poor,On-Time,6.8,0
55,48044,1912,2787,Average,Occasional Late,1.4,0
54,63038,24686,13829,Good,On-Time,4.6,1
39,68485,29231,4803,Average,On-Time,0.4,1
52,51898,17550,7077,Good,On-Time,8.4,1
36,88699,1000,11554,Poor,Occasional Late,6.7,0
48,77165,25060,24126,Good,On-Time,0.0,0
46,49354,1401,28209,Good,On-Time,7.4,1
30,71503,21088,16033,Good,Occasional Late,5.8,0
31,97543,9125,8611,Good,Occasional Late,8.1,1
23,98131,6402,34435,Average,Frequent Late,4.4,0
26,27984,13581,8152,Good,On-Time,2.8,1
38,34616,16167,6860,Good,On-Time,2.9,0
40,87668,11558,0,Good,On-Time,3.8,1
27,31718,23887,24565,Poor,Occasional Late,6.1,0
37,25904,13539,20714,Average,On-Time,6.6,1
45,44304,27802,33760,Good,On-Time,5.2,1
30,64245,20812,0,Good,On-Time,4.3,1
34,52747,11024,25124,Good,Occasional Late,4.6,1
35,40688,9341,12631,Poor,Occasional Late,16.0,0
41,40167,1525,19255,Average,On-Time,2.9,1
35,39329,20907,0,Average,Frequent Late,3.8,0
50,35651,14454,25213,Poor,Frequent Late,19.2,0
34,105196,1000,19079,Good,On-Time,7.7,1
38,61545,12643,11650,Average,On-Time,0.5,1
36,74509,8990,17806,Good,Occasional Late,9.4,1
28,44240,33757,5111,Good,On-Time,2.4,0
48,50909,1000,6785,Good,On-Time,9.6,1
30,39302,3586,7829,Good,On-Time,5.2,0
32,15000,29100,0,Poor,Frequent Late,4.2,0
52,24684,31568,19756,Good,On-Time,12.4,0
58,15166,10550,22724,Average,Occasional Late,8.3,0
47,15000,11679,5688,Average,On-Time,9.9,0
57,28702,24162,15134,Average,On-Time,7.7,0
55,84149,1000,9610,Poor,Occasional Late,4.2,0
40,54022,1000,14954,Good,On-Time,8.4,1
51,83392,15193,6352,Good,On-Time,10.8,1
34,64042,33499,4049,Good,On-Time,6.5,1
39,72216,13643,21469,Good,Occasional Late,13.2,1
42,35180,19009,11425,Poor,On-Time,9.4,0
59,66527,29338,30199,Good,On-Time,6.8,0
54,71032,39069,12417,Good,On-Time,7.0,1
40,42314,12232,3665,Good,On-Time,6.5,1
47,67310,17832,23042,Good,On-Time,1.0,1
29,67456,36221,17677,Average,On-Time,5.6,0
53,42910,2778,18542,Good,On-Time,6.9,1
43,30299,28276,22715,Average,On-Time,4.3,0
42,28949,7817,6125,Average,Occasional Late,7.4,0
51,56903,19025,10855,Average,Occasional Late,6.1,0
46,62194,15574,10457,Good,On-Time,9.1,1
23,37564,8420,383,Average,On-Time,8.7,0
32,55585,8169,9628,Good,On-Time,6.7,1
28,67552,20764,24027,Good,Frequent Late,0.5,0
50,68600,27955,14136,Average,On-Time,13.2,1
22,89141,16703,0,Average,On-Time,5.4,1
29,83094,18701,0,Good,On-Time,5.7,1
44,32972,23712,26983,Poor,On-Time,4.6,0
48,92039,8284,11187,Good,On-Time,4.0,1
41,43319,25397,6173,Average,On-Time,12.2,1
55,77987,26193,9534,Poor,Occasional Late,11.5,0
57,56496,44036,0,Average,Occasional Late,7.8,0
26,45933,14239,24808,Average,Occasional Late,5.6,0
59,15231,13419,8463,Average,Occasional Late,8.5,0
45,51226,25690,24307,Average,On-Time,6.3,1
46,20694,26191,12465,Average,Frequent Late,5.2,0
24,76281,12649,24866,Average,Occasional Late,7.4,0
45,88369,13968,14310,Good,Occasional Late,4.2,1
50,37468,23411,19679,Average,Occasional Late,7.0,0
44,61643,9724,18472,Good,On-Time,6.8,1
24,39041,13895,17610,Poor,On-Time,8.4,0
41,41173,18896,15131,Good,On-Time,3.5,1
58,72039,27959,9904,Good,On-Time,8.8,1
49,54152,11954,29239,Poor,On-Time,2.4,0
26,93272,1000,3838,Good,On-Time,3.7,1
59,44391,1000,12039,Good,On-Time,3.9,1
59,76985,5406,12134,Average,Frequent Late,1.7,0
27,57143,4868,15622,Good,Occasional Late,10.1,1
53,72507,16454,8135,Good,On-Time,2.1,1
37,45163,6111,14833,Good,On-Time,3.2,1
44,53910,10972,10480,Good,On-Time,11.0,1
38,52459,10259,0,Good,Frequent Late,3.7,0
52,36607,13595,12086,Good,Occasional Late,5.2,1
60,69566,31225,2095,Good,Occasional Late,2.0,0
52,69305,24619,0,Good,On-Time,9.3,1
58,68058,18161,13232,Good,On-Time,9.4,1
58,88813,13390,16391,Average,Occasional Late,9.0,1
24,86886,13668,16740,Average,Frequent Late,8.2,0
31,46751,21277,17105,Good,On-Time,6.3,1
49,63207,23842,0,Good,On-Time,3.9,1
44,41281,8924,0,Poor,On-Time,2.7,0
23,55514,18365,29762,Average,On-Time,11.2,1
24,41806,1000,2575,Good,Frequent Late,9.1,0
41,90642,20117,17498,Good,Occasional Late,3.2,1
45,63001,25621,5818,Good,On-Time,6.2,1
27,50203,15199,12717,Average,On-Time,4.8,1
27,81260,36165,6301,Poor,On-Time,1.5,0
26,15000,9188,17054,Poor,On-Time,6.7,0
43,15000,20174,13231,Good,On-Time,4.3,0
21,72508,17642,7965,Good,Occasional Late,2.2,1
43,56330,16997,2548,Good,Occasional Late,0.1,0
40,60510,16857,14410,Good,On-Time,0.0,1
39,25819,19071,1086,Good,Occasional Late,4.5,0
48,54489,26480,15847,Average,Occasional Late,5.7,0
41,99077,31777,35638,Good,On-Time,2.5,1
50,73132,17977,24152,Poor,Occasional Late,8.6,0
51,58734,26153,18465,Good,Occasional Late,5.7,0
57,45341,10982,11230,Good,Occasional Late,8.3,1
52,46319,25660,0,Poor,On-Time,5.3,0
41,15000,10380,99,Average,On-Time,2.9,0
40,60668,28907,23545,Good,On-Time,6.5,1
30,73601,40106,4892,Average,On-Time,0.9,0
44,20336,16779,5707,Good,On-Time,8.2,1
26,40449,1000,10509,Good,Occasional Late,2.3,1
58,29536,12519,2442,Good,On-Time,9.7,1
54,33762,30319,959,Good,On-Time,4.6,1
25,56177,23531,11546,Average,Frequent Late,10.3,0
52,15000,20489,3976,Good,On-Time,1.5,0
25,68514,28087,5331,Average,On-Time,3.3,0
49,71585,22845,4969,Average,On-Time,7.5,1
24,49476,30177,16701,Good,On-Time,10.7,1
40,15000,27194,9911,Good,On-Time,12.7,1
47,33079,33217,10393,Good,Occasional Late,6.2,0
50,82124,21588,17373,Average,On-Time,13.4,1
37,15000,27053,10722,Average,On-Time,4.8,0
57,47354,14929,9496,Average,On-Time,10.4,1
51,29040,11985,16234,Good,Occasional Late,2.2,1
29,72701,35068,18014,Good,On-Time,7.7,1
47,40147,20162,10676,Average,Occasional Late,0.0,0
50,63887,26049,12725,Good,On-Time,1.5,1
34,67440,19237,4964,Average,On-Time,7.9,1
50,95397,12135,4254,Good,On-Time,0.8,1
56,50535,18110,18922,Good,On-Time,7.7,1
53,63273,32360,16004,Good,On-Time,9.6,1
51,22329,23552,16098,Good,Occasional Late,4.0,1
46,81189,1000,14528,Average,On-Time,2.1,1
31,38269,15848,12416,Good,On-Time,4.1,1
52,42663,35823,18268,Poor,On-Time,2.1,0
35,54511,15862,20416,Average,On-Time,5.6,1
42,20617,1000,20201,Poor,On-Time,6.4,0
33,60033,36930,11093,Average,On-Time,4.8,0
33,76284,24824,24483,Average,On-Time,12.7,1
27,61445,17300,14056,Average,On-Time,3.1,0
59,20044,14286,17691,Good,On-Time,11.6,1
26,52276,28824,14539,Good,On-Time,1.8,1
24,71325,12580,14223,Average,On-Time,6.3,0
58,15000,29483,5378,Good,On-Time,10.7,1
43,31355,23422,18312,Good,Frequent Late,10.5,0
38,74284,20447,37608,Poor,On-Time,4.3,0
50,60942,19455,8627,Good,Occasional Late,8.2,1
36,64063,16250,12639,Average,On-Time,7.7,1
26,95909,28456,7984,Average,On-Time,3.8,0
50,65308,9347,7608,Good,On-Time,8.5,1
28,69474,1781,25900,Poor,On-Time,13.4,0
43,114636,24144,5943,Good,Occasional Late,7.9,1
58,50296,24312,7733,Poor,Occasional Late,8.3,0
58,37447,22802,0,Average,On-Time,8.7,1
35,64412,22077,5181,Good,Occasional Late,0.2,0
52,64658,14795,0,Good,On-Time,7.8,1
45,43412,25875,17686,Good,On-Time,1.9,1
40,32287,17544,37197,Good,Occasional Late,3.6,0
26,105817,13129,8700,Good,On-Time,14.6,1
36,62191,14881,0,Poor,On-Time,5.0,1
47,38890,38206,20100,Good,Frequent Late,3.0,0
60,75150,1000,5458,Average,Frequent Late,10.6,1
21,52599,22998,23694,Good,Occasional Late,2.2,0
49,49437,1209,9462,Poor,On-Time,4.2,0
54,67370,16918,6314,Good,Occasional Late,11.0,1
59,26579,13664,10398,Good,On-Time,6.2,1
37,62758,1000,18820,Average,On-Time,0.0,0
25,97085,21890,9953,Good,On-Time,8.2,1
31,65256,14200,7529,Average,Frequent Late,4.4,0
55,46723,1000,10211,Good,Frequent Late,12.2,1
56,43844,26396,553,Average,Occasional Late,3.6,0
46,45973,32350,15573,Average,On-Time,10.2,0
25,49413,32901,0,Average,On-Time,13.1,1
25,46688,21590,8003,Good,On-Time,2.6,1
40,75159,18461,18834,Good,Frequent Late,5.2,0
44,16869,31282,14727,Good,On-Time,7.6,1
22,73964,34824,17313,Good,On-Time,2.6,0
48,46647,29336,11415,Good,Occasional Late,7.1,0
42,63293,8585,22528,Poor,On-Time,5.1,0
21,30206,20013,20322,Good,Occasional Late,5.0,1
24,84230,22395,16015,Average,On-Time,6.2,1
39,82404,1000,20348,Good,Occasional Late,6.3,1
49,76111,22694,18754,Good,On-Time,6.7,1
54,21675,40730,8045,Good,On-Time,3.6,1
38,73241,24399,0,Good,On-Time,3.8,1
32,63907,32734,15783,Good,On-Time,5.5,0
59,19684,19829,16915,Good,On-Time,5.8,0
39,54465,17268,21814,Good,On-Time,4.2,1
33,63020,21813,3573,Poor,On-Time,7.3,0
38,67234,9842,3842,Good,Occasional Late,0.0,0
21,58900,8362,16139,Good,On-Time,3.1,1
33,61407,30663,11359,Good,Occasional Late,4.9,0
41,87419,31723,0,Good,Occasional Late,2.6,0
57,81973,8089,15376,Average,On-Time,12.5,1
50,15000,27680,0,Good,Occasional Late,6.1,0
52,48016,17130,3493,Average,On-Time,6.7,1
42,51378,21398,24165,Good,On-Time,4.1,1
25,16454,22602,28424,Good,On-Time,5.9,0
36,57072,27944,1059,Poor,Occasional Late,1.1,0
60,82473,18827,9035,Good,On-Time,5.3,1
22,31096,32102,12384,Average,On-Time,2.3,0
56,62401,21094,28031,Good,Frequent Late,4.9,0
48,34852,24242,7564,Poor,On-Time,0.0,0
32,40218,9667,7708,Good,Frequent Late,1.5,0
52,87503,39587,25939,Good,Occasional Late,11.9,1
54,43064,22698,8627,Average,Frequent Late,9.3,0
22,65169,25130,18500,Good,Frequent Late,11.3,1
25,15000,1918,0,Good,Frequent Late,11.6,0
47,95971,9773,10459,Poor,On-Time,8.7,1
60,68258,30379,0,Average,Occasional Late,4.2,1
21,50985,20869,2501,Average,Occasional Late,1.9,0
47,67662,1000,19553,Average,Occasional Late,10.6,1
26,23984,28383,11551,Average,On-Time,6.3,0
47,81016,12562,9128,Poor,Frequent Late,16.0,0
45,47872,32113,5261,Average,On-Time,4.5,1
24,50510,17122,10014,Good,On-Time,13.9,1
48,44184,20047,14710,Good,On-Time,5.4,1
56,42226,29790,20846,Average,On-Time,11.3,1
55,70283,9025,0,Average,Occasional Late,12.8,1
22,60630,8072,4514,Good,On-Time,1.9,1
30,69338,16035,13432,Good,Occasional Late,4.1,1
30,54807,26272,11110,Good,Occasional Late,1.9,0
39,66290,4691,15630,Good,On-Time,1.1,1
26,45785,1320,14408,Average,Occasional Late,8.7,0
55,104054,26237,9256,Good,On-Time,5.2,1
52,20506,11970,7258,Average,Occasional Late,6.2,0
53,82741,14078,9790,Average,Frequent Late,8.2,1
28,85094,1000,22339,Poor,On-Time,0.0,0
21,36253,11210,5412,Good,Occasional Late,11.1,0
57,104044,17924,11435,Poor,On-Time,4.6,1
32,76901,27304,13650,Average,On-Time,8.1,1
47,76365,10288,26043,Average,Occasional Late,8.5,1
57,55616,34574,9297,Good,On-Time,11.5,1
22,50221,11154,20629,Good,Occasional Late,5.6,0
21,50393,11169,23088,Average,On-Time,0.0,0
21,63592,33374,11426,Good,On-Time,6.2,1
27,85826,20115,10104,Good,Occasional Late,6.8,1
23,58989,12480,9039,Average,On-Time,1.9,0
53,34948,16449,9698,Average,On-Time,6.6,0
45,73137,31531,19688,Good,On-Time,4.6,1
60,75265,32662,14079,Good,Occasional Late,0.6,0
53,69403,9832,14118,Good,On-Time,8.7,1
59,71401,17576,1873,Poor,On-Time,3.7,1
30,49040,18902,3293,Poor,On-Time,4.4,0
32,34562,8138,31291,Good,On-Time,4.1,0
54,35900,17443,10400,Good,Frequent Late,10.9,0
30,19020,18053,5027,Good,On-Time,5.8,0
23,60213,29402,24880,Good,On-Time,6.3,0
47,53164,30074,14536,Poor,Occasional Late,4.2,0
53,45320,14708,17203,Good,On-Time,7.9,1
59,15000,15860,10758,Good,On-Time,11.4,1
58,27559,24643,9132,Good,On-Time,8.6,1
25,79658,12148,10474,Good,On-Time,8.7,1
51,40378,23886,0,Average,Occasional Late,8.4,0
54,62933,17121,11209,Average,Occasional Late,0.5,0
48,24405,8306,14664,Average,Frequent Late,2.5,0
53,86652,8432,28654,Good,Frequent Late,5.2,0
54,51831,32471,12774,Poor,On-Time,3.1,0
38,61381,16436,0,Good,On-Time,1.7,0
22,106167,34404,11154,Average,Occasional Late,0.0,0
39,88362,12864,36656,Poor,Frequent Late,0.6,0
29,48256,20912,19797,Good,Occasional Late,5.0,1
25,41949,41927,4702,Poor,On-Time,5.7,0
25,47838,7426,17320,Good,Occasional Late,2.8,0
48,66218,1000,5322,Average,Occasional Late,6.3,0
41,52685,30866,0,Good,Frequent Late,4.3,0
42,46305,9732,8865,Good,Occasional Late,10.4,1
50,87278,17793,12824,Good,On-Time,5.4,1
42,52487,12141,0,Good,On-Time,8.8,1
46,105591,20682,1658,Good,On-Time,6.8,1
24,56996,8495,12093,Good,On-Time,0.4,1
55,94277,16201,8326,Average,Frequent Late,5.6,0
38,62861,22498,15553,Good,On-Time,1.1,0
27,76185,7917,1068,Good,On-Time,5.6,1
53,39059,10999,18427,Poor,On-Time,3.0,0
50,36217,14526,1346,Poor,Occasional Late,7.5,0
23,65114,3712,26785,Good,On-Time,0.6,1
28,76748,13774,0,Good,On-Time,6.1,1
21,55886,19188,2167,Average,Occasional Late,8.3,0
31,26699,14005,15756,Average,On-Time,9.6,1
24,25074,15286,26978,Good,On-Time,2.9,0
49,23603,17801,14835,Average,On-Time,6.1,0
41,16112,11443,17066,Good,On-Time,6.7,1
60,57409,24911,12158,Good,Occasional Late,12.2,1
50,79751,32360,2762,Average,Frequent Late,0.1,0
45,54705,13356,7589,Average,On-Time,2.4,1
41,15000,22852,1093,Average,Frequent Late,17.2,0
23,50803,15604,492,Good,Occasional Late,4.9,0
23,51418,21655,15616,Good,On-Time,0.0,1
45,101112,33658,1891,Good,On-Time,3.7,1
21,22943,23087,14876,Good,On-Time,0.0,0
22,46405,1000,284,Good,Occasional Late,7.0,0
29,92529,22540,14667,Good,On-Time,9.2,1
56,64900,30329,7602,Average,On-Time,2.4,0
39,67393,15784,24660,Average,Occasional Late,4.1,0
49,57521,27956,14913,Good,Occasional Late,9.7,1
37,62259,11099,23122,Good,Occasional Late,0.0,0
27,72107,3145,5199,Average,Occasional Late,0.7,0
35,37191,19412,12505,Good,On-Time,5.1,1
24,74317,1000,3170,Poor,Occasional Late,3.0,0
51,24794,15602,8278,Good,On-Time,4.8,1
28,62224,30868,9641,Average,On-Time,0.9,0
36,58932,1000,5467,Poor,Frequent Late,6.9,0
60,41442,5205,1060,Average,On-Time,5.4,1
44,54501,7680,0,Average,On-Time,8.2,1
39,41304,17367,0,Average,Occasional Late,6.8,0
42,31423,14343,2493,Good,On-Time,6.8,1
52,47220,31991,17647,Average,On-Time,0.2,0
31,30712,27543,0,Poor,Occasional Late,8.0,0
46,62102,22953,0,Poor,Occasional Late,4.7,0
55,29698,19456,28118,Good,Occasional Late,5.3,0
43,70663,21932,6272,Good,On-Time,10.2,1
38,29007,9380,14889,Average,On-Time,3.1,0
26,42542,26572,17781,Average,Occasional Late,11.4,1
30,41259,6880,17963,Good,On-Time,11.8,1
58,84153,26354,0,Good,On-Time,9.0,1
42,62266,29861,9920,Good,On-Time,2.1,1
33,50342,20109,0,Good,On-Time,0.0,1
37,65972,16238,34017,Good,On-Time,10.3,1
44,15000,22003,0,Good,Occasional Late,6.4,1
42,54051,1000,2569,Good,Frequent Late,3.0,0
48,98945,21023,2635,Poor,On-Time,10.7,0
31,57912,16866,0,Good,Occasional Late,2.6,1
46,56494,17494,24173,Good,On-Time,4.3,1
38,67059,25065,33802,Good,On-Time,8.1,1
58,74703,17252,7718,Good,Occasional Late,1.5,0
27,15000,6598,116,Poor,On-Time,5.6,0
26,17989,16586,0,Poor,Frequent Late,10.4,0
39,59626,18676,9803,Good,On-Time,6.8,1
41,39273,19149,9153,Good,On-Time,11.0,1
48,83865,19619,6138,Good,On-Time,10.5,1
37,48066,28394,13992,Good,On-Time,6.0,1
57,15000,7140,15557,Good,Occasional Late,0.0,0
39,27104,19757,14908,Good,Occasional Late,1.6,1
26,15000,30899,9155,Good,On-Time,9.1,1
25,49849,1000,2085,Average,On-Time,0.0,0
59,50856,19796,17992,Good,Occasional Late,4.7,0
26,45662,12146,12113,Good,Occasional Late,7.4,0
58,78735,14293,19995,Good,On-Time,11.9,1
32,81367,8952,19111,Good,On-Time,3.7,0
24,51251,16304,0,Good,On-Time,3.4,1
33,15000,36413,0,Good,On-Time,5.8,1
45,68580,5356,5200,Good,On-Time,7.4,1
38,67218,6304,2494,Good,On-Time,5.4,1
52,61807,4981,18797,Average,On-Time,10.2,1
45,76593,35274,15162,Poor,On-Time,2.8,0
37,29374,13377,21893,Good,On-Time,6.5,1
46,99193,17744,15568,Good,Frequent Late,7.8,0
59,33893,13972,13878,Average,On-Time,4.4,0
37,71483,8556,22798,Average,On-Time,9.4,1
27,17878,15648,16228,Good,On-Time,6.6,0
37,34534,42582,12613,Good,On-Time,9.2,1
54,88360,31921,25324,Good,Occasional Late,6.8,1
29,49260,9471,13037,Average,On-Time,7.5,1
58,73478,24476,9261,Good,On-Time,3.5,1
44,60213,9685,4460,Good,Frequent Late,3.5,1
45,52691,1000,18327,Good,Occasional Late,10.9,1
33,85005,28195,23133,Good,Occasional Late,8.5,1
57,49794,29601,11545,Good,On-Time,1.9,0
22,15824,28461,23771,Average,On-Time,6.7,0
32,37329,13301,0,Good,Occasional Late,0.0,0
37,67126,16332,11501,Good,On-Time,3.7,1
40,63701,25498,11639,Good,Occasional Late,9.8,1
39,20525,21915,5457,Average,Occasional Late,5.5,0
26,39064,14064,33455,Good,On-Time,6.5,1
30,42202,1809,11404,Good,On-Time,0.0,1
24,46960,19139,8330,Good,On-Time,4.4,1
43,24730,28790,12234,Average,On-Time,7.4,0
35,41176,6024,0,Average,Occasional Late,7.9,0
43,38971,24388,5161,Poor,Occasional Late,9.8,0
44,71974,21315,20849,Average,On-Time,5.2,0
49,72801,25501,6339,Good,Occasional Late,5.3,1
42,51792,26720,4540,Good,On-Time,0.7,0
46,46375,11055,23786,Good,Occasional Late,5.2,0
44,58078,1830,24062,Average,On-Time,1.0,0
47,37035,12665,16653,Average,Occasional Late,0.0,0
45,29770,26891,7904,Good,Occasional Late,1.7,0
33,34315,12580,9845,Poor,On-Time,12.0,0
30,41034,11060,4763,Good,On-Time,4.9,1
52,29404,1000,3047,Good,Occasional Late,6.9,1
34,58565,35526,2600,Good,On-Time,3.9,1
42,71054,26257,6438,Poor,Occasional Late,0.0,0
28,20084,25699,2688,Poor,Frequent Late,9.7,0
38,55553,27677,0,Good,Occasional Late,0.0,0
42,50161,23767,13975,Poor,On-Time,3.8,0
46,62513,15557,14111,Poor,Occasional Late,5.8,0
42,54715,16362,27307,Average,Frequent Late,6.9,0
35,23021,13724,5985,Poor,On-Time,3.1,0
59,27227,44347,14665,Good,On-Time,0.0,0
41,55647,23559,14814,Average,On-Time,2.8,1
53,77633,13362,9715,Average,Occasional Late,3.0,0
50,15000,22655,18699,Average,On-Time,2.9,0
43,62606,7891,18977,Good,On-Time,9.9,1
56,81172,33045,14947,Average,On-Time,1.1,0
26,51633,11389,9699,Poor,Occasional Late,7.2,0
57,67104,23011,8782,Good,On-Time,6.6,1
55,39532,28660,0,Poor,Occasional Late,9.8,0
41,52374,21848,4747,Good,Occasional Late,5.5,1
50,19340,18945,6402,Good,Frequent Late,9.2,0
41,15000,18108,1884,Good,Frequent Late,5.3,0
31,75741,17436,15959,Average,On-Time,7.7,1
52,33330,12233,22770,Average,Occasional Late,0.0,0
30,44978,13505,3827,Good,On-Time,0.0,0
33,24498,32796,14551,Average,Frequent Late,7.5,0
41,23981,16915,2693,Good,On-Time,7.7,1
54,51176,10142,9256,Good,Occasional Late,7.9,1
36,38949,12837,5787,Poor,Occasional Late,3.9,0
40,63315,29004,17417,Average,On-Time,12.0,1
22,64956,24756,5891,Average,Occasional Late,4.2,0
25,62059,23603,21105,Average,On-Time,7.7,0
23,60249,15425,9789,Poor,On-Time,8.4,0
23,89711,23734,6154,Good,On-Time,12.9,1
55,31513,11564,720,Good,On-Time,4.7,1
54,53791,15404,14279,Good,On-Time,3.4,1
53,79919,27698,20057,Average,Frequent Late,0.0,0
23,82820,26743,14460,Average,On-Time,12.2,1
24,23721,8181,32149,Average,On-Time,7.7,0
32,48128,9445,24868,Good,Occasional Late,7.8,0
43,84879,19087,9232,Good,Occasional Late,18.5,1
34,66178,35261,9138,Average,On-Time,7.3,1
40,59296,1000,16227,Poor,Frequent Late,0.8,0
27,50211,20783,4458,Good,On-Time,5.2,1
50,46556,4240,22497,Good,On-Time,2.1,1
33,61341,11657,15254,Good,On-Time,4.4,1
23,49448,14356,14308,Good,Occasional Late,4.4,0
50,54063,13795,18183,Good,On-Time,3.7,1
57,56729,12662,27505,Good,On-Time,0.4,1
21,40082,18072,13539,Average,Occasional Late,12.4,0
38,66707,12647,10983,Good,On-Time,7.2,1
54,119113,3375,25578,Good,On-Time,5.1,1
49,15906,25799,20708,Good,Occasional Late,9.0,0
55,62128,25529,9111,Poor,Occasional Late,7.9,0
37,38276,26432,12047,Good,On-Time,7.1,0
35,67703,2593,13758,Good,On-Time,8.7,1
49,56024,20989,15256,Good,Frequent Late,6.5,1
27,71761,24760,0,Average,On-Time,8.7,0
30,80861,7688,0,Poor,On-Time,9.0,1
45,59233,18092,4013,Good,On-Time,6.7,1
47,79905,16837,3317,Good,On-Time,5.1,1
25,15000,36422,6206,Good,Frequent Late,12.1,0
41,89990,37245,17712,Average,On-Time,4.1,0
35,63251,1356,10480,Poor,On-Time,7.6,0
41,78713,42939,13768,Good,On-Time,7.7,1
59,28163,8848,981,Good,On-Time,3.6,1
24,36723,27807,7845,Average,On-Time,2.8,0
60,58211,27705,17285,Average,Frequent Late,4.6,0
38,54625,8043,17355,Good,Occasional Late,4.0,1
51,61228,22933,5479,Good,On-Time,0.2,1
37,78859,16925,13455,Good,On-Time,3.4,1
33,16165,23543,31790,Average,On-Time,7.1,0
51,76424,20307,11842,Average,On-Time,11.1,1
48,55182,29963,5761,Average,On-Time,8.2,1
26,50517,18754,10436,Average,On-Time,0.0,0
49,22635,16321,12830,Good,Occasional Late,8.6,1
51,66067,28961,10639,Good,Frequent Late,3.8,0
36,15000,23804,11718,Good,On-Time,7.8,0
58,69265,25318,0,Poor,Frequent Late,5.9,0
46,22174,11354,3336,Average,On-Time,5.2,0
34,56176,7547,10656,Good,On-Time,5.6,1
21,52378,12323,10513,Good,Occasional Late,5.9,0
47,80730,11792,6904,Average,On-Time,11.4,1
29,51070,25862,10407,Average,On-Time,5.9,0
51,39729,27760,12549,Average,Occasional Late,10.3,0
42,43855,16449,20005,Good,On-Time,9.8,1
39,83003,32309,11107,Poor,Occasional Late,8.7,0
27,66799,31685,15592,Average,On-Time,0.0,0
49,46516,20434,7126,Average,Occasional Late,10.5,0
27,49798,9781,17149,Average,On-Time,4.2,0
37,20522,33754,15382,Poor,On-Time,8.9,0
54,63546,17390,19792,Poor,On-Time,2.1,1
57,16284,19262,18421,Average,Occasional Late,1.3,0
60,71540,14604,17299,Good,On-Time,13.9,1
59,57830,9102,11114,Good,Occasional Late,2.2,0
43,107513,3314,14204,Average,On-Time,10.6,1
29,30797,24329,21572,Average,On-Time,6.5,1
54,52741,10166,6131,Good,On-Time,4.3,1
53,94562,48595,6344,Good,On-Time,5.8,1
60,81211,7139,13633,Poor,Frequent Late,0.8,0
47,39683,5426,15738,Poor,On-Time,5.9,0
26,59927,23101,4583,Poor,Occasional Late,1.7,0
41,55044,33293,11327,Good,On-Time,4.4,1
38,61203,18646,11154,Average,On-Time,9.7,1
54,39629,23722,0,Average,Occasional Late,7.0,0
36,53035,1000,10024,Good,Frequent Late,0.1,0
34,19843,11225,10584,Good,Occasional Late,9.4,0
24,57973,7264,10557,Poor,On-Time,6.0,0
54,64900,1000,24743,Good,Occasional Late,3.8,1
51,49997,19170,1058,Average,Occasional Late,9.0,1
22,19469,1000,4578,Average,On-Time,5.3,0
38,76748,4778,0,Average,Occasional Late,1.3,0
40,63020,12628,7672,Good,On-Time,13.4,1
39,39028,9687,8439,Average,Occasional Late,5.9,0
57,48827,21964,7410,Good,Frequent Late,5.7,0
27,21985,21056,21969,Average,Frequent Late,4.4,0
33,32441,26938,19746,Good,Occasional Late,10.7,1
28,43168,25524,12701,Average,Occasional Late,3.9,0
30,82025,29408,8664,Average,Occasional Late,0.0,0
57,40931,17981,21236,Good,On-Time,3.3,1
58,69085,21035,11822,Good,On-Time,11.3,1
22,43157,23115,4636,Average,On-Time,9.3,0
46,60455,19417,0,Good,On-Time,5.0,1
30,51889,14028,8028,Good,Frequent Late,11.5,0
28,74207,14676,18792,Good,Occasional Late,9.0,1
32,43234,9824,32489,Poor,On-Time,4.9,0
28,20404,22216,12554,Average,On-Time,5.3,0
40,24597,17060,5112,Good,Occasional Late,7.3,0
60,43299,11368,1335,Poor,On-Time,2.7,0
44,27521,11378,16968,Good,Occasional Late,6.0,0
49,64025,5896,0,Good,Frequent Late,7.2,1
40,44753,27788,16953,Good,On-Time,0.0,1
21,107241,18786,19359,Good,On-Time,5.2,0
24,16770,9372,15927,Good,On-Time,4.8,1
31,59480,26085,10023,Average,On-Time,10.1,0
30,30185,12396,17084,Good,On-Time,0.0,0
54,44145,3935,13538,Average,On-Time,4.5,0
54,58111,28212,4997,Good,On-Time,4.1,1
55,15000,12629,28654,Good,On-Time,9.8,1
46,60210,13911,8835,Good,On-Time,5.8,1
43,96864,18412,18982,Average,Occasional Late,13.2,1
46,45024,29426,0,Average,On-Time,8.6,1
37,60716,18200,23488,Good,Occasional Late,4.4,0
47,77548,6009,25219,Good,On-Time,7.0,1
52,51393,23439,12269,Good,On-Time,4.6,0
51,42219,13150,17029,Average,On-Time,9.4,0
45,15000,36879,17027,Good,Occasional Late,0.7,0
23,69102,17989,6215,Average,On-Time,2.7,1
49,52510,1000,16924,Good,On-Time,7.8,1
35,32721,21574,4722,Good,On-Time,10.9,1
50,57785,37446,6521,Average,Frequent Late,0.0,0
42,42159,33759,22142,Good,On-Time,11.5,0
56,43375,36310,20772,Good,On-Time,5.4,1
34,68338,7802,5643,Poor,Occasional Late,0.0,0
58,25556,27122,5398,Good,On-Time,0.0,1
54,78041,10780,6190,Good,On-Time,0.0,1
34,24251,20243,18594,Good,Occasional Late,5.9,0
40,40421,5270,3000,Good,On-Time,5.7,1
42,97305,11555,15210,Average,On-Time,8.5,1
51,79802,11238,18722,Good,On-Time,3.8,1
48,57147,26986,11206,Poor,On-Time,1.6,0
55,34308,26007,21091,Average,Frequent Late,4.3,0
35,43356,20768,9261,Poor,Occasional Late,6.1,0
41,56612,4496,10075,Average,On-Time,6.9,0
38,55826,14884,3205,Poor,On-Time,2.8,0
57,53001,10539,21155,Average,Occasional Late,9.6,1
33,54322,26697,5101,Good,Occasional Late,3.5,0
44,50284,29782,15148,Good,On-Time,2.5,0
25,23276,28564,11358,Average,Frequent Late,3.8,0
55,43637,10448,2525,Good,On-Time,10.3,1
36,75122,1000,6518,Average,Occasional Late,5.5,1
34,24897,1000,24446,Good,On-Time,3.2,1
44,50830,32216,13815,Average,On-Time,9.7,0
40,36965,13987,2918,Good,Occasional Late,14.6,1
54,57450,10493,14748,Poor,Occasional Late,6.8,0
42,46450,34427,10685,Good,On-Time,10.9,1
41,87503,30652,43086,Good,On-Time,10.1,0
25,66145,18244,14566,Average,Occasional Late,3.6,0
21,26140,15066,8574,Average,On-Time,6.1,0
36,69767,16679,24780,Average,On-Time,0.9,0
60,37958,20272,0,Poor,Occasional Late,5.2,0
57,42306,34000,12849,Good,On-Time,3.5,0
46,61904,22225,29950,Average,On-Time,4.4,0
46,44182,25260,10954,Good,On-Time,3.0,1
36,74643,29693,0,Average,Frequent Late,4.9,0
28,37961,6303,8437,Good,On-Time,8.1,1
21,41383,25549,25091,Good,Occasional Late,5.5,0
34,40560,15054,15385,Average,Frequent Late,0.0,0
33,42556,1000,4450,Average,Occasional Late,3.0,0
28,79182,1000,5833,Good,On-Time,0.0,1
31,68834,7819,6963,Poor,On-Time,7.0,0
21,92619,23312,15251,Average,On-Time,8.0,0
45,104888,19138,24044,Good,On-Time,7.0,1
58,32324,19844,21472,Average,Frequent Late,2.9,0
48,56549,37509,16104,Good,Occasional Late,7.0,0
38,29124,5309,15,Good,On-Time,4.1,1
37,37893,17726,49,Average,On-Time,1.4,0
33,41138,21044,16799,Good,Frequent Late,9.0,0
26,31743,10637,0,Good,On-Time,9.3,1
44,31858,18283,9970,Average,Occasional Late,9.8,1
43,51826,2001,14737,Good,On-Time,3.6,1
21,28232,32099,1762,Average,Occasional Late,10.7,0
37,73527,11184,2782,Average,Occasional Late,4.0,0
32,34809,38314,11153,Good,On-Time,8.6,0
27,116811,17675,16533,Good,On-Time,4.0,1
49,45070,28281,21554,Good,Occasional Late,5.1,0
42,56584,17467,17463,Average,On-Time,0.0,0
46,26502,17693,12663,Good,On-Time,4.8,1
49,92534,12160,5284,Poor,On-Time,6.4,1
60,79629,19191,2362,Good,On-Time,4.4,1
53,61532,21180,7402,Average,Occasional Late,13.0,1
45,25370,10157,15689,Good,On-Time,1.4,0
